0,0,0,0,0,0,1,1,1,0,0,1,0,1,0,0,1,0,1,0,0,1,0,1,0,0,1,1,1,0,0,0,0,0,0
0,0,0.21973003,0.230691758,0,0.217789587,1,1,1,0.257531677,0.250711366,1,0,1,0.281865549,0.23756798,1,0,1,0.282948557,0.273016202,1,0,1,0.251672913,0.259547156,1,1,1,0.291714354,0,0.294478251,0.294015932,0,0.208752249
0,0,0,0.256015071,0,0,1,1,1,0.212593853,0.271230981,1,0,1,0,0.263805447,1,0,1,0.207684915,0.22349288,1,0.261411494,1,0,0.221330633,1,1,1,0.236666866,0,0.20321266,0,0,0.235151605
0,0,0.279297049,0.217952753,0,0.279695681,1,1,1,0.233430975,0.282185462,1,0,1,0,0.254500393,1,0,1,0.254811594,0,1,0,1,0.267723559,0.21123877,1,1,1,0.231510274,0,0.256007588,0.275315091,0,0
0.231154072,0.235492046,0,0,0,0.228940745,1,1,1,0.287726925,0,1,0,1,0.254515984,0,1,0,1,0,0.232510719,1,0,1,0,0.265221535,1,1,1,0.216907979,0,0,0,0.296939258,0.232688901
0.23415719,0.205554366,0,0,0.252169945,0.272555214,1,1,1,0.242912513,0,1,0,1,0,0.201433551,1,0,1,0,0,1,0,1,0,0.24692493,1,1,1,0.235483637,0.272321354,0,0.211935779,0.26551511,0.259324964
0,0.202537947,0.264871156,0,0,0,1,1,1,0,0,1,0,1,0.251987957,0,1,0.280029685,1,0.223513887,0.292510878,1,0,1,0.243875222,0.233497086,1,1,1,0,0.286675972,0,0,0.265793346,0.241416925
0.205722855,0.231782011,0,0,0.2152431,0.234078521,1,1,1,0.285927156,0.241922759,1,0,1,0.255910739,0,1,0,1,0,0,1,0,1,0,0.232877084,1,1,1,0,0.258878646,0.211680635,0,0.27368457,0.218228171
0,0.223625514,0.259729196,0,0,0,1,1,1,0.240941919,0,1,0,1,0.202598854,0.294705114,1,0,1,0,0.204473906,1,0,1,0,0,1,1,1,0.251462074,0,0.216117398,0.203996562,0,0.230875038
0,0,0,0.255075935,0,0,1,1,1,0.247742564,0.252502853,1,0,1,0,0.242796466,1,0,1,0,0,1,0,1,0,0.207135986,1,1,1,0.235729511,0,0.226891588,0,0,0.206194277
0,0,0,0,0,0,0,1,0,0,0,0,1,0,0,0,0,1,0,0,0,0,1,0,0,0,0,1,0,0,0,0,0,0,0
0,0,0.212834912,0.268123934,0,0,0.24881085,1,0,0,0,0,1,0.200689351,0,0,0.28706781,1,0.273393111,0,0,0.240547639,1,0.23322343,0,0,0.277709144,1,0.24513932,0,0,0,0.280793254,0.264695217,0
0,0,0.226847025,0,0,0,0.215094152,1,0.202892084,0,0,0,1,0.297730019,0,0,0.299418506,1,0,0,0,0,1,0,0,0,0.228975337,1,0.221701546,0,0,0,0,0.259929271,0
0,0,0.225588912,0,0,0,0.26833848,1,0.207380571,0,0,0.218124573,1,0.281030474,0,0,0,1,0,0,0,0.289563903,1,0.266942024,0,0,0.226151165,1,0,0,0,0,0.288037093,0.2151974,0
0,0,0.294016214,0,0,0,0.295587626,0.265901693,0.271841713,0,0,0.247649982,1,0.247487558,0,0,0,1,0,0,0,0.226422368,1,0,0,0,0.216497023,1,0.202786145,0,0,0,0.259709935,0.247306656,0
0,0,0.230124385,0,0,0,0.289901234,1,0.280524334,0,0,0.265262654,1,0.236198302,0,0,0,1,0,0,0,0.269207864,1,0.259177273,0,0,0.22393719,1,0,0,0,0,0.20760668,0.208640257,0
0,0,0.293523899,0.222958547,0,0,0.203406232,1,0.20295596,0,0,0,1,0.256548266,0,0,0.222274872,1,0,0,0,0.212564156,1,0.228135819,0,0,0,1,0.214669205,0,0,0,0.263718434,0,0
0,0.281451132,0,0.227510017,0,0,0.279316913,1,0,0,0,0.246394211,1,0,0,0,0.209974329,1,0.288812216,0,0,0,1,0.276086561,0,0,0,1,0.235389952,0,0,0.284459467,0,0.294659528,0
0,0,0.246620526,0,0,0,0,1,0.235623931,0,0,0,1,0.20732025,0,0,0.271548473,1,0.234457027,0,0,0.242441105,1,0,0,0,0.200461841,1,0,0,0,0,0,0.225335311,0
0,0.299285108,0,0.275340046,0,0,0.276280234,1,0.240038248,0,0,0.247016122,1,0,0,0,0,1,0,0,0,0,1,0.284368073,0,0,0.297344259,1,0.241846975,0,0,0.283592052,0,0.235334706,0
0,0,0,0,0,0,1,1,1,0,0,0,0,1,0,0,1,1,1,0,0,1,0,0,0,0,1,1,1,0,0,0,0,0,0
0,0,0.2388439,0.202145689,0,0.239938644,1,1,1,0.23179473,0,0,0.2850579,1,0.20959804,0.299315363,1,1,1,0,0.204477616,1,0.281313131,0,0.204266259,0.210145544,1,1,1,0.241597594,0,0,0,0.219545839,0.291919459
0,0.246865138,0.231686537,0,0,0.24368652,1,1,1,0.27179124,0,0.205378535,0.244962041,1,0.208219855,0,1,1,1,0.297607703,0.253790065,1,0.270754928,0.237385657,0,0.243929338,1,1,1,0,0,0.205444919,0.231026606,0,0
0,0.23206469,0.245349034,0.245951577,0,0.216648793,1,1,1,0,0,0,0.232370396,1,0,0,1,1,1,0.251331213,0,1,0.223663038,0,0,0.200681791,1,1,1,0.296159166,0,0.264905258,0.220620887,0.240416021,0
0.291760519,0.293644739,0,0.219096681,0,0.298008558,1,1,1,0.242495051,0,0,0.263189321,1,0.243095062,0,1,1,1,0,0.204477862,1,0.252954452,0,0,0.226633701,1,1,1,0.229921325,0,0.289104466,0,0.257659887,0.27512113
0,0.201246392,0.219351993,0,0,0,1,1,1,0.262614119,0.258216029,0.210885598,0.21922536,1,0.213300005,0.288948174,1,1,1,0,0.2088707,1,0.251755166,0.254888966,0,0,1,1,1,0,0,0.27033201,0.298174949,0,0.24538502
0,0.291105687,0.258365294,0.232216769,0,0,1,1,1,0.204649979,0,0.203346499,0,1,0,0.24490236,1,1,1,0.221087142,0.206468954,1,0,0.273398276,0.246155641,0,1,1,1,0,0,0.27759953,0.231311865,0.221145375,0.222421134
0.210172558,0.207694982,0,0.243232312,0,0.294757896,1,1,1,0.225741389,0,0,0.27038791,1,0.28182628,0.217268469,1,1,1,0,0.233141107,1,0.250225794,0,0,0,1,1,1,0.24348995,0,0.227167367,0,0.238242759,0.250377181
0,0.275263975,0.211118024,0,0,0,1,1,1,0.247682399,0,0,0.239894038,1,0.241784674,0.276863922,1,1,1,0,0.266411407,1,0.238649807,0,0,0.295587903,1,1,0.201042131,0,0,0,0.248907541,0.250550354,0.2759173
0,0,0.207581649,0,0,0.290508866,1,1,1,0.281605465,0.20104069,0.295299393,0.297858496,1,0,0.294054138,1,1,1,0.232440391,0,1,0.267152178,0.243653049,0.256295155,0.291602619,1,1,1,0,0,0.278499603,0,0.24057972,0.293162792
0,0,0,0,0,0,1,1,1,0,0,0,0,1,0,0,1,1,1,0,0,0,0,1,0,0,1,1,1,0,0,0,0,0,0
0,0.298312056,0.222981014,0.28462183,0,0.281472671,1,1,1,0.29845515,0,0.283547159,0.214605318,1,0.297900963,0,1,1,1,0.23180016,0,0.215726873,0.253817395,1,0.231358451,0.225023196,1,1,1,0.27682037,0,0.215094402,0.231271958,0.260319036,0
0,0.275729197,0.272234121,0.268326619,0,0,1,1,1,0,0,0.238383206,0.234573113,1,0.209561766,0.280621964,0.249575662,1,1,0.273467662,0,0.224710415,0.26167705,1,0.261232679,0,1,1,1,0,0,0.254966693,0.242388747,0.256051981,0
0,0,0,0.243457575,0,0,1,1,0.209990722,0.246125826,0.234210365,0.285489848,0.245633067,1,0,0,1,1,1,0,0.213518228,0.253265155,0.250351134,1,0,0,1,1,1,0,0,0.253214537,0,0.24759484,0.279123965
0,0,0,0.23943921,0.297296509,0.288701883,1,1,1,0.294615825,0.23684931,0.259838152,0,1,0.226966085,0,1,1,1,0,0.21213051,0.204633495,0,1,0,0.204905378,1,1,1,0.246880716,0,0.220941171,0,0.215451589,0.203542229
0.224745594,0.20453002,0,0,0,0.234473671,1,1,1,0,0,0.203408826,0.289689286,1,0.234895216,0,1,1,1,0.217589472,0,0.202801473,0.245746684,1,0,0.296546965,1,1,1,0.240253604,0,0.275188465,0,0,0.20894081
0.271077866,0.203142653,0.241307659,0,0,0.291402429,1,1,1,0,0,0.223020699,0.272727178,1,0.210618116,0,1,1,1,0.284724442,0.219642757,0.245898564,0.284099495,1,0,0.274817372,1,1,1,0,0,0.273925004,0.242817559,0,0
0.222560895,0,0,0.212802023,0,0.259165617,1,1,1,0,0.296362723,0.249264018,0,1,0.244010347,0,1,1,1,0.241940597,0,0.229770503,0.265242789,1,0.27460339,0,1,1,1,0.284747345,0,0,0.290636108,0.258008996,0
0,0.218064983,0,0.289881526,0,0.240052239,1,1,1,0.293881349,0,0.210988121,0.299130654,1,0,0,1,1,1,0,0.257700433,0.299035825,0,1,0,0.200880002,1,1,1,0.238737058,0,0,0,0.285168222,0.201090949
0,0,0,0,0,0,1,1,1,0,0.244967471,0.228582416,0.261188519,1,0,0.241887624,1,1,1,0.235810175,0.294615688,0.222478223,0.294095136,1,0,0,1,1,1,0,0,0,0,0,0
0,0,0,0,0,0,1,0,1,0,0,1,0,1,0,0,1,1,1,0,0,0,0,1,0,0,0,0,1,0,0,0,0,0,0
0.222817907,0,0,0,0,0.263495842,1,0.273459011,1,0.268660627,0.272616368,1,0.25888702,1,0.292062416,0,1,1,1,0.205647176,0,0.249749868,0.229640802,1,0,0,0,0.214374984,1,0,0,0,0,0,0
0.27660997,0,0.297974323,0,0.271218638,0.247241809,1,0.252974051,1,0,0.257152878,1,0.273540959,1,0.244127642,0.252367987,1,1,1,0.232990517,0,0.226319627,0.204073156,1,0.29559547,0,0,0,1,0,0,0,0,0,0
0,0,0,0,0,0.29186842,1,0,1,0.21320373,0.295701539,1,0.254843384,1,0.265261337,0,1,1,1,0.253310381,0,0.265588324,0.216908436,1,0.216166937,0,0,0.287875871,1,0.259958,0,0,0,0.211547754,0
0,0,0,0,0,0,1,0,1,0,0.285137881,1,0.241050902,1,0.240765068,0.24167289,1,1,1,0.220916897,0,0.270798715,0.248477076,1,0.2685695,0,0,0.252807283,1,0.276326262,0,0,0,0.29139122,0
0,0,0,0,0,0.27673102,1,0.287739777,1,0.2974456,0.262736809,1,0.21354717,1,0.256392813,0.226620574,1,1,1,0,0,0.269795012,0.238689513,1,0.227560323,0,0,0.252137102,1,0.297910826,0,0,0,0.231935931,0
0,0.25876656,0,0.222941681,0,0,1,0.250582538,1,0,0.260568807,1,0.23319843,1,0.231420313,0.254452192,1,1,1,0.250667177,0,0,0.276043707,1,0.230705343,0,0,0.237388169,1,0.229756282,0,0,0,0.220760434,0
0,0,0,0,0,0.217923431,1,0,1,0.224192204,0.278113518,1,0.257571112,1,0.27954246,0.251076489,1,1,1,0.233438783,0,0.23045372,0.295266003,1,0,0,0,0,1,0.253481932,0,0,0,0.22355986,0
0,0,0,0,0,0.268233188,1,0.288580161,1,0.226824635,0.209019877,1,0.261593322,1,0,0.263937296,1,1,1,0.241525496,0,0.26688818,0.202752995,1,0.232443678,0,0,0.242475823,1,0,0,0,0,0,0
0,0,0,0,0,0,1,0.237117961,1,0,0.214165675,1,0.23904766,1,0,0.246746194,1,1,1,0.260022428,0,0.29839515,0.235614661,1,0.247872213,0,0,0.225378213,1,0.293580416,0,0,0,0.265747972,0
0,0,0,0,0,0,1,1,1,0,0,1,0,0,0,0,1,1,1,0,0,0,0,1,0,0,1,1,1,0,0,0,0,0,0
0,0,0.282089308,0.276244538,0,0,1,1,1,0.205256227,0.201401602,1,0.225826423,0.216485853,0,0.238705825,1,1,1,0,0,0.290104347,0.224284083,1,0,0,1,1,1,0,0,0.271524645,0.291601439,0,0
0,0,0,0.219856917,0,0.234489598,1,1,1,0.241356344,0.20991442,1,0.214642004,0,0.283208081,0,1,1,1,0.283112391,0,0.264502468,0.261986718,1,0,0,1,1,1,0,0,0.285204555,0.286337978,0.236891645,0
0,0,0,0,0,0,1,1,1,0.215866803,0,1,0.209279558,0.240450118,0.218623029,0.278669018,1,1,1,0,0.220581613,0.240557377,0.272039865,1,0.22686985,0.226331429,1,1,1,0.228613769,0,0,0,0.280978627,0
0,0,0,0,0,0,1,1,1,0.28852257,0,1,0.255316542,0.283798533,0.206961917,0.210199999,1,1,1,0.240716393,0.279182782,0.230828238,0.269335654,1,0,0.250879824,1,1,1,0,0,0,0,0,0
0,0,0,0,0,0,1,1,1,0.262014296,0,1,0.296478038,0.259294345,0.29722694,0.237585397,1,1,1,0.201654636,0.255033134,0.216281745,0.240412081,1,0,0.223033073,1,1,1,0,0,0,0,0,0
0,0.274349764,0.296558054,0,0,0,1,1,1,0,0,1,0.207177418,0.20607304,0.294793072,0.280403401,1,1,1,0.242008618,0,0.209944484,0.202744058,1,0,0,1,1,1,0,0,0,0,0.292603888,0
0,0,0,0,0,0.230759085,1,1,0.279960648,0.238678579,0.21449447,1,0.287059844,0.265443943,0.204216041,0,1,1,1,0,0.286638534,0.290146147,0.291925991,1,0,0.298434557,1,1,1,0,0,0.264119249,0,0,0
0,0.274521693,0,0,0,0,1,1,1,0.24970329,0,1,0.248413145,0.285932368,0.251982847,0.259691979,1,1,1,0.288177744,0.208409318,0.203036833,0,1,0,0.221840152,1,1,1,0.26229817,0,0,0,0.216481023,0.280974438
0,0,0,0.2796337,0.248958682,0,1,1,1,0.21547829,0,1,0,0.230429782,0,0,1,1,0.23323693,0.232921793,0.215000391,0.258521788,0.245670375,1,0,0.287282262,1,1,1,0,0,0.269660803,0,0,0
0,0,0,0,0,0,1,0,0,0,0,1,0,0,0,0,1,1,1,0,0,1,0,1,0,0,1,1,1,0,0,0,0,0,0
0,0.202626868,0,0,0,0.254436193,1,0.292640761,0,0,0.283442165,1,0.277645475,0.205219893,0,0,1,1,1,0.285391903,0,1,0,1,0,0.272039829,1,1,1,0.224149976,0.205360916,0.282698027,0,0.208296374,0.259470696
0,0.263535865,0,0,0,0.200093081,1,0,0,0,0,1,0.22426298,0.214274077,0,0,1,1,1,0,0.206691413,1,0.279211474,1,0.245851679,0.2513035,1,1,1,0.220102227,0,0,0.285060719,0.240542545,0
0,0.222373296,0,0,0,0.238401003,1,0.254823496,0,0,0,1,0.276083485,0,0,0,1,1,1,0,0.228975392,1,0,1,0.242672852,0.289358287,1,1,1,0.226636031,0,0,0.220686458,0.216379873,0
0,0.225310554,0,0,0,0.247275425,1,0,0,0,0.289039946,1,0.228743858,0.200612748,0,0,1,1,1,0,0,1,0,1,0.226347233,0.216838146,1,1,1,0.219424744,0,0.214382449,0,0.202267561,0.271476209
0,0,0,0,0,0,0.247910004,0,0,0,0,1,0.248302916,0,0,0.278676019,1,0.218165555,0.248132372,0,0,1,1,1,0,0.299455429,1,0,1,0,0.204921522,1,1,1,0.286632204
0,0.287573028,0,0,0,0.289434891,1,0,0,0,0.299891084,1,0.21396353,0.202690746,0.291152287,0,1,1,1,0,0,1,0,1,0.259732693,0.21431207,1,1,1,0.257680087,0.27434744,0.219725545,0,0,0.260249342
0,0.27876031,0,0,0,0,1,0,0,0,0.203475239,1,0.288602961,0.245627441,0,0.262455441,1,1,1,0.225954337,0,1,0,1,0,0.218889342,1,1,1,0.286486503,0.292551837,0.259593132,0,0.226491983,0.262014394
0,0,0,0,0,0.275579452,0.287965213,0,0,0,0,1,0,0,0,0,1,0.299495678,0.275191088,0,0.247280609,1,1,1,0,0.268637572,1,0,1,0.290926309,0,1,1,1,0.239668242
0,0.244670606,0,0,0,0.222671514,1,0,0,0,0,1,0.268520566,0.264740779,0,0,1,1,1,0.210541264,0.203208425,1,0,1,0.25946917,0.21621114,1,1,1,0,0,0.232169987,0.28324388,0,0
0,0,0,0,0,0,1,1,1,0,0,0,0,1,0,0,0,0,1,0,0,0,0,1,0,0,0,0,1,0,0,0,0,0,0
0,0.228888872,0.217077622,0.262747478,0,0.25812156,1,1,1,0.231124976,0,0.276659336,0.245338125,1,0.24503525,0,0,0.204859815,1,0.212361977,0,0,0.297190238,1,0.226762054,0,0,0.204145737,1,0.263163057,0,0,0,0.271996511,0
0,0,0.209097268,0.207467246,0.276757027,0,1,1,1,0.250513747,0,0.202813704,0.295402154,1,0.270259034,0,0.207917177,0.282220362,1,0.26940743,0,0,0.290549175,1,0,0,0,0.254939132,1,0,0,0,0,0,0
0,0,0.259837377,0.259420055,0,0,1,1,1,0.205814864,0,0.284567167,0.211256269,1,0.224944889,0,0,0.230952085,1,0.29152594,0,0,0.231394088,1,0.267281271,0,0,0,1,0,0,0,0,0.263099326,0
0,0.247173697,0,0.23565345,0.255748853,0.235393473,1,1,1,0.28456604,0.243626608,0.207500279,0,1,0.284090814,0,0,0,1,0,0,0,0.254087598,1,0,0,0,0.225897992,1,0.252643523,0,0,0,0.273736429,0.282794066
0,0.252065128,0,0.284438991,0,0.253993942,1,1,1,0.218918498,0,0.2027965,0,1,0.25493182,0,0,0,1,0.204972338,0,0,0.220422445,1,0.292398926,0,0,0.25402677,1,0.226092863,0,0,0,0.276114968,0
0,0.278092495,0,0.230194415,0.236322021,0.216815161,1,1,1,0.218403227,0,0.223490667,0,1,0.216217374,0,0,0.290915214,1,0,0,0,0.238580116,1,0,0,0,0.23284415,1,0.229477477,0,0,0,0.228165093,0.200706767
0,0.261437219,0.280479675,0.258925437,0,0.212595649,1,1,1,0.247076935,0,0.28358001,0,1,0.279295196,0,0,0.246220566,1,0.223911502,0,0,0.233358115,1,0,0,0,0.275525128,1,0.248972833,0,0,0,0.278096081,0
0,0.206919816,0.276100832,0.261065738,0,0,1,1,1,0.284024716,0,0.242848845,0.207198375,1,0.255677801,0,0.292557864,0.203115745,1,0,0,0,0.215643357,1,0.294176317,0,0,0.208436935,1,0,0,0,0,0.284488714,0.259015266
0,0.260060862,0,0.271627476,0,0.285069359,1,1,1,0.279234212,0,0.284812702,0.253330367,1,0.2916692,0,0,0.20781555,1,0,0,0,0.27872123,1,0.227874747,0,0,0.220634594,1,0.268605152,0,0,0,0,0.207884386
0,0,0,0,0,0,1,1,1,0,0,1,0,1,0,0,1,1,1,0,0,1,0,1,0,0,1,1,1,0,0,0,0,0,0
0,0,0,0.237649115,0,0.226505692,1,1,1,0.238297696,0.232168385,1,0.21572872,1,0.255549107,0.205123671,1,1,1,0.277231916,0.292553037,1,0.288965985,1,0,0,1,1,1,0.207149898,0,0.23004492,0.239320134,0,0.276740835
0.213843261,0.290628529,0,0.254863183,0.273901037,0.255522189,1,1,1,0.201822187,0,1,0.230212351,1,0,0.223658513,1,1,1,0.22687299,0,1,0.228042324,1,0,0.252259851,1,1,1,0.222434817,0.233198567,0.245191042,0,0.212024789,0.258473541
0.212753204,0.202188204,0,0.230068528,0,0.246312714,1,1,1,0.290493089,0,1,0,1,0.242465415,0,1,1,1,0,0.248314376,1,0,1,0,0.266154925,1,1,1,0.231730301,0.21585722,0.216088822,0,0.292408082,0.276267804
0.263191873,0.286266049,0,0.267730437,0.235872465,0.258125027,1,1,1,0.297340972,0,1,0,1,0.201725952,0,1,1,1,0,0.225274144,1,0.299708435,1,0,0.281420063,1,1,1,0.293952679,0.257571506,0.274137007,0.236278818,0.206912396,0
0,0,0,0,0,0,0.214420434,0.222739165,0.262993946,0,0.224659301,1,1,1,0,0.214459945,1,0.25942627,1,0.21000139,0.228646386,1,1,1,0,0.263815196,1,0.284138453,1,0.206541305,0.215095602,1,1,1,0.227284577
0,0.25335275,0.290489988,0,0,0.290382376,1,1,1,0.249664411,0.218633484,1,0,1,0.292405822,0,1,1,1,0,0.239612111,1,0.25724267,1,0,0.287100097,1,1,1,0.201783739,0,0.268221991,0,0.259353151,0
0,0,0,0,0,0.217004586,1,1,1,0.222177566,0.218410625,1,0,1,0.265811475,0.235794322,1,1,1,0,0.269557177,0.210671039,0.267708921,1,0.260652985,0.232794176,1,1,1,0.270072848,0.221442291,0.256678497,0,0.237886176,0.263456188
0,0.212857302,0,0.232303114,0,0.266844756,1,1,1,0.279684785,0,1,0,1,0.240143019,0,1,1,1,0,0,1,0.220077471,1,0,0.214690872,1,1,1,0.271945031,0,0,0.224948993,0.257964355,0.201471472
0.256117591,0.212621523,0,0.259308851,0.23469291,0.209790742,1,1,1,0.267036482,0,1,0,1,0,0,1,1,1,0,0,1,0.228241949,1,0,0.276286525,1,1,1,0.268956131,0.228727408,0.217655006,0,0.272880297,0.262436877
0,0,0,0,0,0,1,1,1,0,0,1,0,1,0,0,1,1,1,0,0,0,0,1,0,0,0,0,1,0,0,0,0,0,0
0,0.256153883,0,0,0,0.28759479,1,1,1,0,0.28246319,1,0,1,0.299237515,0,1,1,1,0,0,0.223655895,0.249385333,1,0.285680232,0,0,0.257314734,1,0.269932302,0,0,0,0.234862291,0
0.281439217,0,0,0.293275259,0,0.216778474,1,1,1,0.224057829,0.226289943,1,0,1,0,0,1,1,1,0.255180107,0,0,0,1,0,0,0,0.242896802,1,0.256621302,0,0,0,0.282306236,0
0,0.269703399,0,0,0,0.261015283,1,1,1,0.230383075,0.233126351,1,1,1,0.267538772,0.232296145,1,1,1,0,0,0,0,1,0,0,0,0,1,0.249213153,0,0,0.263674441,0.282090966,0.258379767
0,0.216746814,0,0,0,0.260532427,1,1,1,0.247730784,0.254603042,1,0.200986039,1,0.299459626,0,1,1,1,0,0,0,0,1,0,0,0,0.284733424,1,0,0,0,0,0.258529278,0.210804699
0.234130376,0.2928002,0,0.281598182,0.24106829,0.299178927,1,1,1,0.245939,0,1,0,1,0,0,0.264813592,1,1,0,0,0,0.289865347,1,0.220527075,0,0,0.290373169,1,0.297304708,0,0,0,0.242319366,0
0.227943865,0.267733307,0,0.219493368,0,0.227763527,1,1,0.297658387,0.219939255,0,1,0,1,0,0.211434123,1,1,1,0,0,0.276510747,0,1,0,0,0,0.218044394,1,0.248644018,0,0,0,0.233925344,0
0.211610184,0.205729609,0,0,0,0.271427861,1,1,1,0,0.206610789,1,0.227739629,1,0,0,1,1,1,0.204863718,0,0,0.291180254,1,0,0,0,0.239589804,1,0.233605642,0,0,0,0,0.202734691
0.292920751,0,0.256529988,0,0,0.20001165,1,1,1,0.275753762,0.286160062,1,0,1,0.212713783,0.254326379,1,1,1,0,0,0.242902713,0.29239714,1,0.217040432,0,0,0.294095869,1,0,0,0,0.229675902,0.285364064,0.221550753
0,0,0.232612783,0.27805604,0,0.245387434,1,1,1,0.248749222,0.226691952,1,0,1,0,0.250403203,1,1,1,0,0,0.238678736,0.222738553,1,0.217922996,0,0,0.221872338,1,0.26037585,0,0,0,0.237542006,0
0,0,0.242842867,0,0,0.227985986,1,1,1,0.212365941,0.274150147,1,0.219385421,1,0,0,1,0,1,0,0.202810927,1,0,1,0.292856593,0,1,1,1,0,0,0,0.248888691,0.24719932,0.269181373
0,0.242370895,0.222721436,0,0,0,1,1,1,0.284084955,0.222318927,1,0,1,0.200726878,0.230652782,1,0,1,0,0,1,0,1,0.272889327,0,0.296655736,1,1,0,0.274673126,0,0.258292518,0.201977936,0
0,0.243916651,0,0.250350633,0,0.233491021,1,1,1,0.256573382,0,1,0.289793308,1,0,0,1,0,1,0,0,1,0.252391666,1,0,0.292149287,1,1,1,0.204178103,0,0.246045324,0,0.278415711,0
0,0.242245135,0.214934503,0,0,0.261823172,1,1,1,0.273143665,0,1,0,1,0.296373954,0,1,0,1,0.258371978,0.220833488,1,0,1,0.222801873,0.22626493,1,1,1,0,0,0.274379546,0,0.263221767,0.233115778
0,0.285497224,0,0,0,0.261401497,1,1,1,0.248476715,0,1,0,1,0,0.239395801,0.281816467,0,1,0.219094021,0,1,0,1,0,0.245338218,1,1,1,0.291587957,0,0.212365566,0,0,0.221138116
0,0,0.237048897,0.200718343,0,0,1,1,1,0,0.240235431,1,0,1,0.289221929,0.230903975,1,0,1,0,0,1,0,1,0.201053612,0.273250903,1,1,1,0.277882971,0,0.24827754,0,0,0
0,0.291326654,0,0.21137819,0,0.249514563,1,1,1,0.287106503,0,1,0,1,0,0,1,0,1,0,0.296220285,1,0,1,0,0,1,1,1,0.284678312,0.230772965,0,0,0.298311425,0.225316433
0,0,0,0.264392682,0.270461388,0,1,1,1,0,0,1,0,1,0.231534163,0,1,0,1,0,0.271805056,1,0,1,0.210018895,0.257534254,1,1,0.262272994,0,0,0.221130403,0,0.242051637,0
0,0,0.256566835,0,0,0.275542263,1,1,0.228341249,0.299281334,0,1,0,1,0,0.254177936,1,0,1,0.24271305,0,1,0,1,0,0.24614637,1,1,1,0,0,0,0.293614421,0,0.295602376
0,0.237903636,0,0,0,0,1,1,1,0,0,1,0,1,0.22195946,0.253177826,1,0,0.213047976,0,0,1,0,1,0.271291298,0,1,1,1,0,0.236934001,0,0,0.21323833,0
0,0,0.227067501,0,0,0,0,1,0.251074146,0,0,0.223396674,1,0,0,0,0.238346336,1,0.252746591,0,0,0,1,0.264754021,0,0,0.207267936,1,0,0,0,0,0.258866714,0.274928644,0
0,0,0.20386577,0,0,0,0.299906303,1,0.250975901,0,0,0,1,0.235360855,0,0,0.250713633,1,0,0,0,0.292661564,1,0.270172541,0,0,0.206767037,1,0.294935445,0,0,0,0.287025943,0.227880373,0
0,0,0.243330304,0,0,0,0.208106149,1,0.218174428,0,0,0,1,0.218024111,0,0,0.276845622,1,0.202758859,0,0,0,0.265806002,0.258316244,0,0,0,1,0.202119657,0,0,0,0,0,0
0,0,0.258843126,0,0,0,0.265282477,1,0.292576808,0,0,0,1,0.255984333,0,0,0.297098141,1,0.276876782,0,0,0,1,0.279121242,0,0,0.20638635,1,0,0,0,0,0.24851025,0,0
0,0,0,0.269417097,0,0,0.250980151,1,0,0,0,0.223675514,1,0,0,0,0,1,0.203599676,0,0,0,1,0.278455022,0,0,0.285252165,1,0,0,0,0,0,0.275516758,0
0,0,0.224486863,0,0,0,0.238948928,1,0.282300919,0,0,0.268210312,1,0,0,0,0.258116493,1,0,0,0,0,1,0.26651363,0,0,0,1,0.267051291,0,0,0.217292313,0.255099591,0.299430622,0
0,0,0.28497157,0,0,0,0,1,0.268512555,0,0,0.235700581,1,0,0,0,0.286512414,1,0,0,0,0,1,0,0,0,0.20303793,1,0.226575048,0,0,0,0.203580991,0.270391824,0
0,0,0,0,0,0,0.202998858,1,0.211507106,0.264948538,0,0.21175494,1,0.290704175,0.225414541,0,0.217489956,1,0.270752346,0,0,0.23897371,1,0.292940444,0,0,0,1,0.233167226,0,0,0,0,0,0
0,0,0.281793436,0,0,0,0,1,0.272110865,0,0,0.218886429,1,0.219625861,0,0.29021037,0.208423328,1,0,0.258117459,0,0,1,0.294769538,0,0,0.254304422,1,0,0,0,0,0.215605019,0.251675056,0
0,0,0.230238835,0,0,0,0,1,0,0,0,0.251369715,1,0.287446361,0,0,0.212926441,1,0.235278987,0,0,0.233134627,1,0.283135466,0,0.229125855,0,1,0,0.233485177,0,0.283028117,0,0.274257465,0
0,0,0.22293979,0.216391875,0,0,1,1,1,0.229465882,0,0,0.224140723,1,0.230474199,0.222223559,1,1,1,0,0.28792471,1,0.236688148,0.249893671,0,0.260783591,1,1,1,0.276455371,0,0,0.259901301,0.273120925,0
0,0,0.209410048,0,0,0.239541764,1,1,1,0,0.218460393,0.296943283,0.292942095,1,0.244767301,0,1,1,1,0,0,1,0.274923367,0.209098784,0.243425704,0,0.251275098,1,1,0,0,0.213327013,0,0,0.237834682
0,0,0.264842582,0.234029648,0,0,1,1,1,0.244493868,0,0.209654083,0.289160054,1,0.241835286,0.230859775,1,1,1,0,0.276873649,1,0.204415767,0.268718606,0,0,1,1,1,0.294898265,0,0,0.227156072,0.293356499,0
0,0,0.269678261,0.262700364,0,0,1,1,1,0.230225053,0,0,0.224407542,1,0.215186882,0.256741009,1,1,1,0.213984154,0.225393039,1,0,0.252605286,0,0,1,1,1,0,0,0.284732669,0.284169744,0,0.232510635
0,0,0.200554674,0.266518672,0,0,1,1,1,0.286258143,0,0.261641756,0.243291974,1,0.280196726,0,1,1,1,0,0,1,0.206788458,0.22891555,0,0,1,1,1,0,0,0,0.252319541,0,0.228056211
0,0,0.291967104,0.296369103,0,0,1,1,1,0.223283,0.22224196,0.233601333,0.205617093,1,0.203184729,0,1,1,1,0,0.230852553,1,0.247972815,0,0,0.220744382,1,1,1,0.290549646,0,0.265101497,0,0.26450168,0
0,0.275483194,0.247076323,0,0.228391507,0,1,1,1,0,0.280255767,0.210838461,0,1,0.221094409,0,1,1,1,0,0.251908577,1,0.270975547,0,0.229763785,0.265474987,1,1,1,0,0,0.21897408,0,0.222780575,0.271365298
0,0,0.279964961,0,0,0,1,1,1,0.269938514,0,0.222194044,0.26542944,1,0,0.254329068,1,1,1,0,0.222752937,1,0.289656115,0.235145449,0,0,1,1,1,0.297560536,0,0,0.205185773,0,0
0,0,0,0.249570423,0,0.210038116,1,1,1,0.282858592,0,0,0,1,0,0.232574494,1,1,1,0,0,1,0,0,0.228785276,0.234344351,1,1,1,0,0,0,0.299168448,0,0.215957671
0,0.2847355,0,0.207508717,0,0,1,1,1,0,0,0.272413583,0.253535965,1,0.235356498,0.256566809,1,1,1,0,0,1,0.221550343,0.26927084,0,0.250223542,1,1,1,0,0,0,0.273235974,0.200249156,0
0,0,0.221248091,0,0.256971896,0.268836469,1,1,1,0,0,0.297840887,0.239032915,1,0,0,0.228402361,1,1,0.256898471,0,0.290680287,0.221019563,1,0.206978769,0,1,1,1,0.218787147,0,0.263694961,0,0,0.211731409
0,0.249316725,0,0,0,0,1,1,1,0,0.2984142,0.224221023,0.239566189,1,0.215715635,0,1,1,1,0,0.201494028,0.240830978,0.236198224,1,0,0,1,1,1,0,0,0.22202717,0,0,0
0,0,0.255700567,0.226709338,0,0.218905249,1,1,1,0,0,0.22687749,0.299741192,1,0,0,1,1,1,0.299968132,0.209343726,0.230957577,0.23911954,1,0,0.215895405,1,1,1,0.213817393,0,0,0,0.22606575,0
0,0,0.263873718,0.295525063,0,0.282399852,1,1,1,0,0.218806355,0.280255535,0.268247932,1,0.226919315,0.252233047,1,1,1,0,0,0.25634925,0.23699938,1,0,0.26669847,1,1,1,0,0,0.226783533,0,0,0
0,0.208448309,0.274493181,0,0,0,1,1,1,0.277098226,0,0.242183338,0.283668304,1,0,0,1,1,1,0,0,0.296841678,0.284697298,1,0.277572162,0,1,1,1,0,0,0,0.222308266,0.209300011,0
0,0,0.249636472,0,0,0.256927945,1,1,1,0,0.23299997,0.297804421,0.218783389,1,0.222042881,0,1,1,1,0.263685383,0,0.262993607,0.205166341,1,0.219663749,0,1,1,1,0,0,0.288778677,0.222878037,0,0.256458159
0,0,0,0,0,0,1,1,1,0,0,0.231859093,0.235061187,1,0,0.22186155,1,1,1,0.293967517,0,0.217735323,0.298811366,1,0,0,1,1,1,0,0,0,0.297371203,0.209129141,0.29417029
0,0,0,0,0.297209291,0,1,1,1,0.212556913,0.221971764,0.286892804,0.227008893,1,0.297272364,0.205897727,1,1,1,0,0.233101351,0.212206141,0.245144872,1,0.268353133,0,1,1,1,0.213102187,0,0,0,0,0.230344998
0,0,0,0,0,0.22687623,0.283454141,0.218576593,0.24046062,0,0,1,1,1,0.219095071,0.209800638,0,0.201861344,1,0,0.230194607,1,1,1,0.245793803,0,0.296877972,0.259556127,1,0,0.230514166,1,1,1,0.213531291
0,0,0,0,0,0.242575925,1,1,1,0.219259683,0.257587248,0.245253979,0.279933036,1,0.292311004,0,1,1,1,0,0.244386597,0.226035018,0,1,0,0.202012332,1,1,1,0,0,0,0.237903042,0.214449467,0.207587595
0,0,0,0,0.215378852,0.205724629,1,0,1,0.278196763,0.28541483,1,0.251599488,1,0.261717279,0.25879949,1,1,1,0.25528493,0,0.216025314,0.293762217,1,0.284935647,0,0,0,1,0,0,0,0,0.200261207,0.24189466
0,0,0,0,0,0.216168692,1,0.247046214,1,0.252269023,0.29033535,1,0.296485519,1,0.29121729,0.224829585,1,1,1,0.221065236,0,0.217256281,0.254204329,1,0.283887438,0,0,0.244104636,1,0.225186372,0,0,0,0.23524925,0
0,0,0,0,0,0.249323352,1,0.231746204,0.246054544,0.29892817,0.257293848,1,0.200689363,1,0.252959579,0.272804021,1,1,1,0,0,0.287775788,0.282490044,1,0,0,0,0,1,0.201713045,0,0,0,0,0
0,0,0,0,0,0,1,0,1,0,0.27918358,1,0.286458775,1,0,0.226583115,1,1,1,0.250929975,0,0.23400909,0.234353492,1,0.221378712,0,0,0.24749777,1,0.260202617,0,0,0,0.291363494,0
0,0,0,0,0,0.232980713,1,0.223936171,1,0.233457075,0.233141856,1,0.286913288,1,0.234866576,0.27135859,1,1,1,0,0,0.290708739,0.262240848,1,0.20018969,0,0,0.215550014,1,0,0,0,0,1,0
0,1,0,1,0,0.231285236,1,0.282668226,1,0.287667825,0.253809341,1,1,1,0.296399583,0,0.219492349,0.20239379,1,0.211471623,0,0,0.207688615,1,0.257888457,0,0,0,0.201470507,0,0,0,0,0,0
0,0,0,0,0,0,1,0,1,0,0.228930409,1,0.263063538,1,0.203352438,0.27267484,1,1,1,0.214877129,0,0.2772491,0.279956044,1,0.282017587,0,0,0.203088424,1,0,0,0,0,0,0
0.279750634,0.224052953,0.287868676,0,0,0,1,0,1,0.293795955,0.253623935,1,0.213447085,1,0,0.291345873,1,1,1,0.289759361,0,0.294671576,0.2915747,1,0.266914834,0,0,0.255291292,1,0,0,0,0,0.205829647,0.229435568
0,0,0,0,0,0,0.241276304,0,0.212013682,0,0.257382086,1,0.241560484,1,0.201365135,0,1,0.200576151,1,0.287452554,0.290097594,1,1,1,0,0,0.256032518,0.203261925,1,0.21258089,0,0,0,1,0.258962417
0,0,0,0,0,0,0,0,0,0,0,1,0,1,0,0.216474564,1,0.25748986,1,0.265407033,0.239013719,1,1,1,0.252123441,0,0.236666357,0.239539781,1,0.214418102,0,0,0,1,0.247255969
0,1,1,1,0.261492604,0,1,0.242211933,0.278767919,0.211199928,0,1,1,1,0,0.233890349,0.297427584,0.296918395,1,0,0.298800411,1,1,1,0,0,0.273735409,0,0,0,0,0,0,0,0
0,0,0,0,0,0.226336901,1,1,1,0,0.254757742,1,0,0,0.267092591,0.221743184,1,1,1,0.248785998,0,0.287385794,0.218182047,1,0,0,1,1,1,0.204503834,0,0.28023158,0,0.281594182,0
0,0,0,0,0,0,0,0.20507963,0.263937104,0,0,1,1,1,0,0,1,0.258888309,0.261592222,0,0.209485739,1,1,1,0,0.22187352,0.201592623,0.255964662,1,0.233025566,0.258770135,1,1,1,0.267992955
0,0,0,0.206864409,0,0,1,1,1,0.241009464,0,1,0.225059216,0.208601853,0.297100989,0.211491896,1,1,1,0,0.264676678,0.274442121,0.228212732,1,0,0.281869003,1,1,1,0.220708099,0,0,0,0,0.266163439
0,0,0,0.266705853,0,0,1,1,1,0.285958027,0,1,0.240672238,0.270944648,0.247451695,0,1,1,1,0,0.217487794,0,0,1,0,0.279098867,1,1,1,0.203216516,0.23869563,0.224723675,0,0.233029673,0.216888905
0,0,0,0,0,0,1,1,1,0,0,1,0.260586629,0.231680001,0.217585774,0.275165921,1,1,1,0.238736735,0.285130335,0.272591082,0.235482377,1,0,0,1,1,1,0,0,0,0,0,0
0.296320565,0.283639187,0.236181022,0,0,0.294091668,1,1,1,0,0,1,0,0.287178875,0,0,1,1,1,0,0,0,0.272101554,1,0,0,1,1,1,0,0,0.212360826,0.26933563,0.229586718,0
0.243850189,0.22868409,0,0,0,0,1,1,1,0.235989828,0,1,0.201879789,0.222261578,0.207993179,0,1,1,1,0,0.218956138,0.261556016,0.249896356,1,0,0.22374782,1,1,1,0.248661959,0,0,0,0.285381725,0.290918472
0,0,0,0,0.28649272,0,1,1,1,0.210932386,0,1,0.278205423,0.254445113,0,0,0.23256403,1,1,0,0.257799669,0.263938303,0.237196553,1,0,0.23845894,1,1,1,0,0,0.288370646,0,0,0
0,0,0,0.259092141,0,0,1,1,1,0.235098809,0,1,0.291805214,0.266544099,0.230214893,0,1,1,1,0,0.236519085,0.263343717,0,1,0,0.29247904,1,1,1,0,0,0.21013917,0.284893853,0,0
0,0.227008364,0,0,0,0.256463472,1,0,0,0,0.232335609,1,0.271267541,0.202323485,0,0,1,1,1,0.27893107,0.233432558,1,0,1,0,0.283274651,1,1,1,0.255972903,0,0,0.257338464,0.219586594,0
0,0.253140569,0,0,0,0,1,0.293495141,0,0,0.28147672,1,0.209319555,0.217051639,0,0.207384797,1,1,1,0.256068121,0,1,0,1,0,0.232942943,1,1,1,0.289697697,0.227536126,0.295284262,0,0.272457763,0
0,0.297047842,0,0,0,0,1,0,0,0,0.29001768,1,0.285121021,0.291072261,0,0.270837932,1,1,1,0.229740013,0.202186298,1,0,1,0,0,1,1,1,0,0,0.257891293,0.204553933,0.20461218,0
0,0.286377759,0,0,0,0.269964939,0.277469694,0.210065863,0,0,0.205936634,1,0,0,0,0,1,1,1,0,0,1,0,1,0,0.240863861,1,1,1,0.294669172,0,0.236161741,0,0.299477567,0.293447755
0,0.24918793,0,0,0,0.253562421,1,0.269529472,0,0,0.207391138,1,0.224945288,0,0,0,1,1,1,0,0,1,0,1,0,0.257862029,1,1,1,0.25608093,0,0.244399691,0,0.229773548,0.23875144
0,0.268258309,0,0,0,0.262582108,1,0.295335539,0,0,0,1,0,0.209610437,0.25657704,0,1,1,1,0.264868671,0.292413334,1,0,1,0,0.238857981,1,1,1,0,0,0.230055926,0,0,0.261444764
0.2975091,1,0.269652329,0,0,0,1,0.25257348,0.268505473,0.275790837,0.23900008,1,1,1,0.249361413,0.238938775,1,0,1,0,0.298528276,1,1,1,0.2338924,0,0.281934386,0,0.271417792,0.279875034,0,0,0,0,0
0,0.224016978,0,0,0,0,1,0,0,0,0.204107587,1,0.279954051,0.228060366,0,0.218007912,1,1,1,0,0,1,0,1,0.295899813,0,1,1,1,0,0.287455191,0,0.289627608,0.268073787,0
0,0,0.243846422,0,0,0,0.206039571,1,0.238056973,0,0,0,1,0.25009876,0.20007156,0,0.297704838,1,1,1,0,0.222919756,1,0,1,0,0.290194984,0.211631136,1,1,0,0,0.277705433,0.293554451,0
0.215483457,0.239531031,0.246008247,0,0,0,1,0,0,0,0.215148112,1,0.253891825,0,0,0.298547709,1,1,1,0,0,1,0.270427606,1,0,0.271669656,1,1,1,0.244520398,0.297773392,0.232498415,0,0.263052161,0.285567678
0,0,0,0.281093885,0,0.289822822,1,1,1,0.205943325,0,0.248076818,0.285970881,1,0,0,0,0.286716557,1,0.246033077,0,0,0,1,0.220672695,0,0,0.263985157,1,0,0,0,0,0.221041642,0
0.281499135,1,1,1,0.221760741,0,0.240953169,0.224137222,1,0.254903331,0,0,0.26749601,1,0.296880983,0,0,0.295633634,1,0.220747179,0,0,0.247442385,1,0.216686861,0,0,0,0.292489418,0,0,0,0,0,0
0,0.297544013,0,0.24897185,0,0.259939249,1,1,1,0.297552324,0,0.230701818,0.292754884,1,0,0,0,0,1,0,0,0,0.206700375,1,0.207521751,0,0,0.206893829,1,0.20127554,0,0,0,0.2986664,0
0,0.294482286,0,0.255967809,0,0.251983094,1,1,1,0.2747826,0,0,0.26116416,1,0.223989604,0,0,0,1,0,0,0,0.238706033,1,0.257292402,0,0,0,1,0.254289457,0,0,0,0,0
0,0,0.225139575,0.259241352,0,0.295010655,1,1,1,0,0,0.215538743,0.290521208,1,0.269639802,0,0.230043399,0.216556818,1,0.208535803,0,0,0.289742381,1,0.200479303,0,0,0,0.280431967,0,0,0,0,0,0
0,0.250977251,0,0.268471091,0,0.246684789,1,1,1,0.20538586,0,0.250050493,0.291944163,1,0.248511339,0,0,0,1,0,0,0,0.282838294,1,0.298153968,0,0,0.289675738,1,0.228263989,0,0,0,0.249726507,0
0,0.233583193,0,0.261953785,0.272683104,0.249354784,1,1,1,0.263731552,0,0.226004854,0,1,0,0,0,0,1,0.267934235,0,0,0.223496102,1,0.257895615,0,0,0.238526805,1,0.211409351,0,0,0,0,0.254738263
0,0.260904441,0,0.229661327,0,0.237322903,1,1,1,0.240375824,0.24965169,0.204149799,0.203637501,1,0,0,0,0,1,0,0,0,0,1,0,0,0,0.20176646,1,0.278913419,0,0,0,0.251024823,0
0.292562233,0.287730788,0,0.226818873,0,1,1,1,1,0.23860159,0,0.231897722,0.225612623,1,0.208297804,0,0,0.235290934,1,0,0,0,0.260943205,1,0.210239784,0,0,0.286695394,1,0.244598977,0,0,0,0.262768207,0
0,0,0.233462958,0,0,0.250346338,1,1,1,0.297328497,0,0.259167025,0,1,0.20028513,0,0,0.233910521,1,0,0,0,0.280551478,1,0,0,0,0,1,0.273003612,0,0,0,0.230153168,0
0,0.276958844,0,0.292215072,0,0.211287679,1,1,1,0.249362041,0.293828446,1,0,1,0.211154883,0,1,1,1,0,0.224100632,1,0,1,0.202350857,0,1,1,1,0.2810659,0.278022896,0.256695099,0.24367799,0.233884723,0
0,0.207051205,0,0,0.267804495,0.288652047,1,1,1,0.214309126,0.232351281,1,0.25726881,1,0.202576445,0,1,1,1,0,0,1,0,1,0,0.287691719,1,1,1,0.214636396,0.234015601,0.286227499,0,0.212529592,0.236294018
0,0,0,0,0,0,1,1,1,0.244392317,0.243587025,1,0.259849896,1,0,0.261404797,1,1,1,0.217413787,0.261961566,1,0,1,0.227849057,0,1,1,1,0,0,0.213754105,0,0,0.243650598
0.20159593,0.295002525,0,0,0,0.229251691,1,1,1,0,0.254498988,1,0,1,0.270225617,0,1,1,1,0.254670598,0,1,0.255585261,1,0,0,1,1,1,0,0,0,0,0.264837976,0.228254137
0.238412757,0.22823843,0,0.221254925,0.256869427,0.221107217,1,1,1,0.229238557,0,1,0,1,0,0,1,1,1,0,0,1,0,1,0,0.269750919,1,1,1,0.221385565,0.218467471,0.201083244,0,0.20439878,0.20612905
0.22132948,0.211800178,0,0,0,0.273345228,1,0.223685552,1,0.268430249,0,1,0,1,0.290980073,0,1,1,1,0,0.272786995,1,0,1,0,0.296986945,1,1,1,0.267005701,0.293754193,0,0.203488601,0.205543427,0.216004209
0,0.28758117,0,0,0,0.269869007,1,1,1,0.216372645,0,1,0.286711154,1,0,0,1,1,1,0,0,1,0,1,0,0.210692898,1,0.292866107,1,0.24924486,0.220401171,0.282183102,0,0.297591669,0.202606035
0,0,0,0,0,0,1,1,1,0,0.28712807,0.262608451,0.28922971,1,0,0,1,1,1,0.25131237,0.230590741,1,0,1,0.207825413,0,1,1,1,0.221177493,0,0.262030386,0,0,0.230680139
0,0,0,0.244661482,0.21457565,0.28992599,1,1,1,0,0,1,0,1,0,0.223472508,0.248904579,1,1,0.237647551,0,1,0,1,0,0.293504548,1,1,1,0,0,0.223531287,0,0,0.279621301
0,0,0,0.212496875,0.281412217,0,1,1,1,0,0,1,0,1,0,0.203003181,1,1,1,0,0.254422126,1,1,1,0,0,1,1,1,0.282520417,0.227255509,0,0,0,0.235432462
0,0.214925709,0,0.217470547,0,0.29412087,1,1,1,0.271506496,0,1,0,1,0,0,1,1,1,0,0,0,0.221423253,1,0,0,0,0.200471379,1,0.248628531,0,0,0,1,0.201713978
0,0.220011431,0,0.226039545,0,0.227440847,1,1,1,0.228955617,0.244034062,1,0,1,0.208427815,0.204741161,1,1,1,0,0,0.29779175,0.256670151,1,0,0,0,0.264323094,1,0.210366101,0,0,0,0.243958303,0
0,0,0.215515394,0.288092076,0,0,1,1,1,0.203967353,0.227422478,1,0,1,0.268393751,0.236801305,1,1,1,0,0,0.279608037,0.276913342,1,0,0,0,0.297473215,1,0.226239063,0,0,0,0.247445983,0
0,0,0,0.245084592,0,0,1,1,1,0.299597878,0.264078642,1,0,1,0,0.268647899,1,1,1,0,0,0.257220685,0.248702266,1,0,0,0,0.210608684,1,0,0,0,0.219638909,0.21341483,0.270855425
0,0.292813905,0,0.257509011,0,0.27488098,1,1,1,0.241242501,0,1,0,1,0,0,1,1,1,0,0,0,0,1,0,0,0,0.218317514,1,0.229571668,0,0,0,0.264242728,0
0.231965855,0.213879696,0,0.218087561,0.212446537,0.254170609,1,1,1,0.268987164,0,1,0,1,0,0.278088636,1,1,1,0.290811601,0,0.294215758,0.272603497,1,0.212781744,0,0,0.280297777,1,0,0,0,0,0,0
0.28715569,0.24663331,0,0.202620549,0.204982813,0.282646166,1,1,1,0.258415268,0,1,0,1,0,0.22763772,1,1,1,0,0.256629274,0.296060501,0.282242013,1,0.216845033,0,0,0.228119671,1,0.234636917,0,0,0,0,0
0,0.238320293,0,0.237869312,0,0.270952385,1,1,1,0.20630323,0.290998088,1,0,1,0.208947731,0.216377991,1,1,1,0.283859805,0,0.287721982,0.21580251,1,0,0,0,0,1,0,0,0,0,0,0
0.247289687,1,1,1,0.225728369,0.256303135,1,0,1,0.232717246,0,1,1,1,0.221761197,0,0.288058525,0.239329619,1,0,0,0,0.294071343,1,0,0,0,0,0.250866249,0,0,0,0,0,0
0,0.226754549,0.240444971,0.241643996,0,0,1,1,1,0,0.272028885,1,0,1,0.259944496,0,1,1,1,0,0.274439726,0.227038711,0,1,0.242919399,0,0,0.285507346,1,0,0,0,0,0.273090565,0
